<?xml version="1.0" encoding="UTF-8"?>
<project-private xmlns="http://www.netbeans.org/ns/project-private/1">
    <editor-bookmarks xmlns="http://www.netbeans.org/ns/editor-bookmarks/2" lastBookmarkId="0"/>
    <open-files xmlns="http://www.netbeans.org/ns/projectui-open-files/2">
        <group>
            <file>file:/C:/Users/suravi/Desktop/project%202/SASANSBM/src/View_Controller/StudentDataSearchResult.java</file>
            <file>file:/C:/Users/suravi/Desktop/project%202/SASANSBM/src/Model/GetCreditsFees.java</file>
            <file>file:/C:/Users/suravi/Desktop/project%202/SASANSBM/src/Model/Student.java</file>
            <file>file:/C:/Users/suravi/Desktop/project%202/SASANSBM/src/View_Controller/ComputerScience1yr.java</file>
            <file>file:/C:/Users/suravi/Desktop/project%202/SASANSBM/src/View_Controller/Login.java</file>
            <file>file:/C:/Users/suravi/Desktop/project%202/SASANSBM/src/Model/Bill.java</file>
        </group>
    </open-files>
</project-private>
